Country,State,City,ZipCode,IPAddress
India,Maharashtra,Pune,411015,106.213.87.72
India,Maharashtra,Pune,411015,106.213.87.72
India,Maharashtra,Pune,411015,106.213.87.72
India,Maharashtra,Pune,411015,106.213.87.72
India,Maharashtra,Pune,411015,106.213.87.72
India,Maharashtra,Pune,411015,106.213.87.72
India,Maharashtra,Pune,411015,106.213.87.72
France,ÃŽle-de-France,Vitry-sur-Seine,94400,163.172.133.129
United Kingdom,England,London,EC3R 7LP,54.37.7.108
India,Maharashtra,Pune,411015,106.213.87.122
India,Maharashtra,Pune,411015,106.213.81.24
